rxn_id,flux
R1,100.0
R2 net,61.1322949654237
R2 exch,49.806113875783595
R3,19.433852517288173
R4,19.43385251728818
R5,80.56614748271186
