rxn_id,flux,experiment_id,flux_std_error
R72,36.58392071136258,inst1,0.10975176213408774
ex_1,100.0,inst1,0.3
ex_2,113.35362206260427,inst1,0.34006086618781284
ex_3,118.40148359534564,inst1,0.3552044507860369
ex_4,0.6212322569979984,inst1,0.0018636967709939954
R72,36.58392071136258,inst2,0.10975176213408774
ex_1,100.0,inst2,0.3
ex_2,113.35362206260427,inst2,0.34006086618781284
ex_3,118.40148359534564,inst2,0.3552044507860369
ex_4,0.6212322569979984,inst2,0.0018636967709939954
