rxn_id,flux,experiment_id,flux_std_error
R72,22.041446345068177,inst1,0.06612433903520454
ex_1,100.0,inst1,0.3
ex_2,127.0111261333518,inst1,0.3810333784000554
ex_3,108.8178006140981,inst1,0.3264534018422943
R72,22.041446345068177,inst2,0.06612433903520454
ex_1,100.0,inst2,0.3
ex_2,127.0111261333518,inst2,0.3810333784000554
ex_3,108.8178006140981,inst2,0.3264534018422943
