rxn_id,flux,experiment_id,flux_std_error
R72,22.041446345068177,fructose,0.06612433903520454
ex_1,100.0,fructose,0.3
ex_2,127.0111261333518,fructose,0.3810333784000554
ex_3,108.8178006140981,fructose,0.3264534018422943
